<?xml version="1.0" encoding="UTF-8"?>
<rss version="2.0" xmlns:ror="http://rorweb.com/0.1/" >
<channel>
  <title>ROR Sitemap for https://cfadvogadosbr.com.br/</title>
  <link>https://cfadvogadosbr.com.br/</link>

<item>
     <link>https://cfadvogadosbr.com.br/</link>
     <title>CF Advogados</title>
     <description>CF Advogados</description>
     <ror:updatePeriod></ror:updatePeriod>
     <ror:sortOrder>0</ror:sortOrder>
     <ror:resourceOf>sitemap</ror:resourceOf>
</item>
<item>
     <link>https://cfadvogadosbr.com.br/localiza%C3%A7%C3%A3o</link>
     <title>Localização</title>
     <description>Localização</description>
     <ror:updatePeriod></ror:updatePeriod>
     <ror:sortOrder>1</ror:sortOrder>
     <ror:resourceOf>sitemap</ror:resourceOf>
</item>
<item>
     <link>https://cfadvogadosbr.com.br/atua%C3%A7%C3%A3o.html</link>
     <title>Atuação</title>
     <description>Atuação</description>
     <ror:updatePeriod></ror:updatePeriod>
     <ror:sortOrder>1</ror:sortOrder>
     <ror:resourceOf>sitemap</ror:resourceOf>
</item>
<item>
     <link>https://cfadvogadosbr.com.br/contato</link>
     <title>Contato</title>
     <description>Contato</description>
     <ror:updatePeriod></ror:updatePeriod>
     <ror:sortOrder>1</ror:sortOrder>
     <ror:resourceOf>sitemap</ror:resourceOf>
</item>
</channel>
</rss>
  